<?xml version="1.0" encoding="UTF-8"?>
<!--

     Copyright 2005-2018 Red Hat, Inc.

     Red Hat licenses this file to you under the Apache License, version
     2.0 (the "License"); you may not use this file except in compliance
     with the License.  You may obtain a copy of the License at

        http://www.apache.org/licenses/LICENSE-2.0

     Unless required by applicable law or agreed to in writing, software
     distributed under the License is distributed on an "AS IS" BASIS,
     WITHOUT WARRANTIES OR CONDITIONS OF ANY KIND, either express or
     implied.  See the License for the specific language governing
     permissions and limitations under the License.

-->
<order xmlns="http://org.jboss.fuse.quickstarts/examples/order/v7">

    <customer id="E0004">
        <name>Erie Zoo</name>
        <city>Erie</city>
        <country>US</country>
    </customer>

    <date>2017-03-04</date>

    <orderlines>
        <orderline>
            <article id="E0500">
                <description>Elk</description>
            </article>
            <quantity>50</quantity>
        </orderline>
        <orderline>
            <article id="E0005">
                <description>Elephant</description>
            </article>
            <quantity>5</quantity>
        </orderline>
    </orderlines>
</order>
