<blueprint xmlns="http://www.osgi.org/xmlns/blueprint/v1.0.0"
           xmlns:xsi="http://www.w3.org/2001/XMLSchema-instance"
           xsi:schemaLocation="http://www.osgi.org/xmlns/blueprint/v1.0.0 http://www.osgi.org/xmlns/blueprint/v1.0.0/blueprint.xsd">


 <bean id="restTemplate" class="org.springframework.web.client.RestTemplate">
        <!-- Optionally, you can configure a custom HttpClient or message converters -->
    </bean>
    
    <bean id="myService" class="demo.consumer.MyService">
        <property name="restTemplate" ref="restTemplate"/>
    </bean>

    <!-- Define Camel context -->
     <camelContext xmlns="http://camel.apache.org/schema/blueprint">
        <route>
            <from uri="timer://foo?period=10000"/> <!-- 60 seconds -->
              <to uri="bean:myService?method=fetchData"/>
              <log message="The message contains: ${body}"/>
        </route>
    </camelContext>

</blueprint>
