<?xml version="1.0" encoding="UTF-8"?>
<!--

    Licensed to the Apache Software Foundation (ASF) under one or more
    contributor license agreements.  See the NOTICE file distributed with
    this work for additional information regarding copyright ownership.
    The ASF licenses this file to You under the Apache License, Version 2.0
    (the "License"); you may not use this file except in compliance with
    the License.  You may obtain a copy of the License at

         http://www.apache.org/licenses/LICENSE-2.0

    Unless required by applicable law or agreed to in writing, software
    distributed under the License is distributed on an "AS IS" BASIS,
    WITHOUT WARRANTIES OR CONDITIONS OF ANY KIND, either express or implied.
    See the License for the specific language governing permissions and
    limitations under the License.

-->
<beans xmlns="http://www.springframework.org/schema/beans"
       xmlns:xsi="http://www.w3.org/2001/XMLSchema-instance"
       xmlns:broker="http://activemq.apache.org/schema/core"
       xsi:schemaLocation="http://camel.apache.org/schema/spring http://camel.apache.org/schema/spring/camel-spring.xsd
          http://www.springframework.org/schema/beans http://www.springframework.org/schema/beans/spring-beans.xsd
          http://activemq.apache.org/schema/core http://activemq.apache.org/schema/core/activemq-core.xsd">

  <!-- create a CamelContext -->
  <camelContext id="camel" xmlns="http://camel.apache.org/schema/spring"/>

  <bean id="jms" class="org.apache.camel.component.jms.JmsComponent">
    <property name="connectionFactory">
      <bean class="org.apache.activemq.ActiveMQConnectionFactory">
        <property name="brokerURL" value="vm://myBroker?broker.persistent=false&amp;broker.useJmx=false"/>
      </bean>
    </property>
  </bean>

  <!-- lets configure the ActiveMQ JMS broker server -->
  <broker:broker useJmx="true" persistent="false" brokerName="myBroker">
    <broker:transportConnectors>
      <!-- expose a VM transport for in-JVM transport between AMQ and Camel on the server side -->
      <broker:transportConnector name="vm" uri="vm://myBroker"/>
      <!-- expose a TCP transport for clients to use -->
      <broker:transportConnector name="tcp" uri="tcp://localhost:51616"/>
    </broker:transportConnectors>
  </broker:broker>

</beans>
