<beans xmlns="http://www.springframework.org/schema/beans"
       xmlns:xsi="http://www.w3.org/2001/XMLSchema-instance"
       xsi:schemaLocation=" 
         http://www.springframework.org/schema/beans http://www.springframework.org/schema/beans/spring-beans.xsd 
         http://camel.apache.org/schema/spring http://camel.apache.org/schema/spring/camel-spring.xsd">

  <camelContext xmlns="http://camel.apache.org/schema/spring"
                xmlns:c="https://www.camelexample.com/schema/articles">

    <route>
        <!-- Read XML file from the file system -->
        <from uri="file://data?noop=true"/>
      
        <!-- Log the original XML content before transformation -->
        <to uri="log:before"/>
        
        <convertBodyTo type="java.lang.String" />
        <!-- Apply XSLT transformation -->
        
        <to uri="log:after"/>
        
        <to uri="xslt:classpath:stylesheet.xsl"/>

        <!-- Log the transformed XML content -->
        <to uri="log:final"/>

    </route>

  </camelContext>

</beans>
