<?xml version="1.0"?>
<!--

    Licensed to the Apache Software Foundation (ASF) under one or more
    contributor license agreements.  See the NOTICE file distributed with
    this work for additional information regarding copyright ownership.
    The ASF licenses this file to You under the Apache License, Version 2.0
    (the "License"); you may not use this file except in compliance with
    the License.  You may obtain a copy of the License at

         http://www.apache.org/licenses/LICENSE-2.0

    Unless required by applicable law or agreed to in writing, software
    distributed under the License is distributed on an "AS IS" BASIS,
    WITHOUT WARRANTIES OR CONDITIONS OF ANY KIND, either express or implied.
    See the License for the specific language governing permissions and
    limitations under the License.

-->
<blueprint xmlns="http://www.osgi.org/xmlns/blueprint/v1.0.0" xmlns:xsi="http://www.w3.org/2001/XMLSchema-instance"
           xsi:schemaLocation="
             http://www.osgi.org/xmlns/blueprint/v1.0.0 http://www.osgi.org/xmlns/blueprint/v1.0.0/blueprint.xsd
             http://camel.apache.org/schema/blueprint http://camel.apache.org/schema/blueprint/camel-blueprint.xsd">

  <bean id="odata4" class="org.apache.camel.component.olingo4.Olingo4Component">
    <property name="configuration" ref="odata4Configuration"/>
  </bean>

  <bean id="odata4Configuration" class="org.apache.camel.example.olingo4.blueprint.Olingo4TestConfiguration"/>

  <camelContext xmlns="http://camel.apache.org/schema/blueprint" id="odata4-example-context">
    <route id="odata-route">

      <from uri="file:work/odata/input" />

      <log message="Receiving file ${file:name}" />
      <log message="Sending file ${file:name} to OData Test Service" />

      <unmarshal>
        <string charset="UTF-8"/>
      </unmarshal>

      <to uri="odata4://create/People"/>

      <log message="Done creating person with properties ${body.properties}" />
    </route>
  </camelContext>

</blueprint>