<beans xmlns="http://www.springframework.org/schema/beans"
       xmlns:xsi="http://www.w3.org/2001/XMLSchema-instance"
       xsi:schemaLocation=" 
         http://www.springframework.org/schema/beans http://www.springframework.org/schema/beans/spring-beans.xsd 
         http://camel.apache.org/schema/spring http://camel.apache.org/schema/spring/camel-spring.xsd">

  <camelContext xmlns="http://camel.apache.org/schema/spring">
    <route>
        <!-- Read XML file from the file endpoint -->
        <from uri="file://data?noop=true&amp;antInclude=*.xml"/>

        <!-- Apply an XPath transformation to extract all 'name' elements as nodes -->
        <transform>
            <!-- XPath to select all 'name' elements as a list of nodes -->
            <xpath>//employee/name</xpath>
        </transform>

        <!-- Log the extracted body to verify the XPath result -->
        <to uri="log:afterXPath"/>


        <!-- Log each name (now in separate messages) -->
        <to uri="log:afterSplit"/>
    </route>
  </camelContext>

</beans>
