<beans xmlns="http://www.springframework.org/schema/beans"
       xmlns:xsi="http://www.w3.org/2001/XMLSchema-instance"
       xsi:schemaLocation=" 
         http://www.springframework.org/schema/beans http://www.springframework.org/schema/beans/spring-beans.xsd 
         http://camel.apache.org/schema/spring http://camel.apache.org/schema/spring/camel-spring.xsd">

  <camelContext xmlns="http://camel.apache.org/schema/spring"
                xmlns:c="https://www.camelexample.com/schema/articles">

    <route>
        <!-- Read JSON file from the file system -->
        <from uri="file://data?noop=true&amp;antInclude=*.json"/>

        <!-- Log the original JSON content before transformation -->
        <to uri="log:before"/>

        <!-- Use JSON Path to extract and transform specific data -->
        <transform>
            <!-- Extract all employee names using JSON Path -->
            <jsonpath>$.employees[*].name</jsonpath>
        </transform>

        <!-- Log the transformed JSON content -->
        <to uri="log:after"/>

    </route>

  </camelContext>

</beans>
