<?xml version="1.0" encoding="UTF-8"?>
<employees>
    <employee>
        <id>1</id>
        <name>Surya</name>
        <position>Software Engineer</position>
        <department>Engineering</department>
    </employee>
    <employee>
        <id>2</id>
        <name>Jane Smith</name>
        <position>Product Manager</position>
        <department>Product</department>
    </employee>
    <employee>
        <id>3</id>
        <name>Rushi</name>
        <position>Data Scientist</position>
        <department>Data</department>
    </employee>
</employees>
